{
  "version": 1,
  "isRoot": true,
  "tools": {
    "cake.tool": {
      "version": "4.0.0",
      "commands": [
        "dotnet-cake"
      ],
      "rollForward": false
    },
    "nano-api-scan": {
      "version": "1.0.1",
      "commands": [
        "nano-api-scan"
      ],
      "rollForward": false
    },
    "dotnet-reportgenerator-globaltool": {
      "version": "5.1.19",
      "commands": [
        "reportgenerator"
      ],
      "rollForward": false
    },
    "microsoft.dotnet.xharness.cli": {
      "version": "9.0.0-prerelease.24317.3",
      "commands": [
        "xharness"
      ],
      "rollForward": false
    },
    "api-tools": {
      "version": "1.4.0",
      "commands": [
        "api-tools"
      ],
      "rollForward": false
    }
  }
}